antecedents,consequents,antecedent support,consequent support,support,confidence,lift,representativity,leverage,conviction,zhangs_metric,jaccard,certainty,kulczynski
"frozenset({'standing_vertical_leap_STANDING_VERTICAL_LEAP_MED', 'lane_agility_time_LANE_AGILITY_TIME_MED'})",frozenset({'max_vertical_leap_MAX_VERTICAL_LEAP_MED'}),0.16971713810316139,0.28452579034941766,0.15806988352745424,0.9313725490196079,3.273420479302832,1.0,0.10978098067281097,10.425481340622776,0.8364729458917834,0.5337078651685392,0.9040811673506612,0.7434640522875817
"frozenset({'max_vertical_leap_MAX_VERTICAL_LEAP_MED', 'lane_agility_time_LANE_AGILITY_TIME_MED'})",frozenset({'standing_vertical_leap_STANDING_VERTICAL_LEAP_MED'}),0.18469217970049917,0.2653910149750416,0.15806988352745424,0.8558558558558559,3.2248863283346045,1.0,0.109054238498786,5.09634983361065,0.8461976369495168,0.5413105413105413,0.8037811310744494,0.7257335705611567
"frozenset({'max_vertical_leap_MAX_VERTICAL_LEAP_MED', 'bench_press_BENCH_PRESS_LOW'})",frozenset({'standing_vertical_leap_STANDING_VERTICAL_LEAP_MED'}),0.22628951747088186,0.2653910149750416,0.16722129783693843,0.738970588235294,2.7844597086483494,1.0,0.10716609311712869,2.814276675025192,0.8282993633980635,0.5153846153846153,0.6446689094663912,0.6845323160612207
"frozenset({'standing_vertical_leap_STANDING_VERTICAL_LEAP_MED', 'max_vertical_leap_MAX_VERTICAL_LEAP_MED'})",frozenset({'lane_agility_time_LANE_AGILITY_TIME_MED'}),0.18552412645590682,0.3227953410981697,0.15806988352745424,0.852017937219731,2.63949886736628,1.0,0.09818355984617982,4.5762617859123695,0.7626256652868125,0.45130641330166266,0.7814810326021089,0.6708543294346078
"frozenset({'standing_vertical_leap_STANDING_VERTICAL_LEAP_MED', 'bench_press_BENCH_PRESS_LOW'})",frozenset({'max_vertical_leap_MAX_VERTICAL_LEAP_MED'}),0.22296173044925124,0.28452579034941766,0.16722129783693843,0.75,2.6359649122807016,1.0,0.10378293526319139,2.8618968386023296,0.7987152034261242,0.491442542787286,0.6505813953488372,0.6688596491228069
"frozenset({'weight_WEIGHT_HIGH', 'standing_vertical_leap_STANDING_VERTICAL_LEAP_LOW'})",frozenset({'max_vertical_leap_MAX_VERTICAL_LEAP_LOW'}),0.17637271214642264,0.348585690515807,0.15640599001663893,0.8867924528301886,2.543972621245553,1.0,0.09492498636493255,5.754159733777033,0.7368794326241136,0.42437923250564336,0.82621267982361,0.6677399018327554
"frozenset({'lane_agility_time_LANE_AGILITY_TIME_HIGH', 'standing_vertical_leap_STANDING_VERTICAL_LEAP_LOW'})",frozenset({'max_vertical_leap_MAX_VERTICAL_LEAP_LOW'}),0.19966722129783693,0.348585690515807,0.17304492512479203,0.8666666666666668,2.4862370723945904,1.0,0.1034437889153131,4.885607321131452,0.7469214776907085,0.46119733924611983,0.7953171562366966,0.6815433571996818
"frozenset({'bench_press_BENCH_PRESS_HIGH', 'max_vertical_leap_MAX_VERTICAL_LEAP_HIGH'})",frozenset({'standing_vertical_leap_STANDING_VERTICAL_LEAP_HIGH'}),0.1314475873544093,0.36189683860232946,0.11730449251247921,0.8924050632911393,2.4659100829332172,1.0,0.06973402620701494,5.930605852990119,0.6844379228825305,0.3119469026548673,0.8313831630716421,0.608271497162811
"frozenset({'wingspan_WINGSPAN_HIGH', 'standing_vertical_leap_STANDING_VERTICAL_LEAP_LOW'})",frozenset({'max_vertical_leap_MAX_VERTICAL_LEAP_LOW'}),0.17054908485856904,0.348585690515807,0.1464226289517471,0.8585365853658538,2.462914022934979,1.0,0.08697165843948385,4.604825291181367,0.7161085529315219,0.3928571428571429,0.7828364950316171,0.6392921590313756
"frozenset({'wingspan_WINGSPAN_LOW', 'standing_vertical_leap_STANDING_VERTICAL_LEAP_HIGH'})",frozenset({'max_vertical_leap_MAX_VERTICAL_LEAP_HIGH'}),0.1589018302828619,0.3668885191347754,0.14143094841930118,0.8900523560209425,2.425947691467512,1.0,0.08313169121901656,5.758299659297998,0.6988363297841391,0.367965367965368,0.8263376240961535,0.6377699421828068
"frozenset({'weight_WEIGHT_LOW', 'standing_vertical_leap_STANDING_VERTICAL_LEAP_HIGH'})",frozenset({'max_vertical_leap_MAX_VERTICAL_LEAP_HIGH'}),0.15391014975041598,0.3668885191347754,0.13643926788685523,0.8864864864864864,2.4162284733713304,1.0,0.0799714009651136,5.577410664765071,0.6927536753243638,0.35497835497835495,0.8207053308235962,0.6291842863271434
"frozenset({'weight_WEIGHT_LOW', 'height_w_shoes_HEIGHT_W_SHOES_LOW'})",frozenset({'wingspan_WINGSPAN_LOW'}),0.23960066555740434,0.3469217970049917,0.19966722129783693,0.8333333333333333,2.4020783373301353,1.0,0.1165445278390702,3.918469217970048,0.7676148796498905,0.5161290322580644,0.7447983014861994,0.7044364508393285
"frozenset({'wingspan_WINGSPAN_HIGH', 'bench_press_BENCH_PRESS_HIGH'})",frozenset({'weight_WEIGHT_HIGH'}),0.13727121464226288,0.34608985024958405,0.11397670549084858,0.8303030303030303,2.3990967365967366,1.0,0.06646853137172931,3.853399096743523,0.6759673116584195,0.30855855855855857,0.74048885804611,0.5798149766899767
"frozenset({'height_w_shoes_HEIGHT_W_SHOES_HIGH', 'bench_press_BENCH_PRESS_HIGH'})",frozenset({'weight_WEIGHT_HIGH'}),0.14143094841930118,0.34608985024958405,0.11730449251247921,0.8294117647058823,2.3965214932126693,1.0,0.06835667675338661,3.8332663950886436,0.6787206553411401,0.3168539325842697,0.7391258793593772,0.584177036199095
"frozenset({'wingspan_WINGSPAN_LOW', 'weight_WEIGHT_LOW'})",frozenset({'height_w_shoes_HEIGHT_W_SHOES_LOW'}),0.2437603993344426,0.34359400998336104,0.19966722129783693,0.8191126279863481,2.383954912444529,1.0,0.11591260821537039,3.628810473110853,0.7676521818848553,0.5150214592274679,0.724427603092003,0.7001132147195663
"frozenset({'height_w_shoes_HEIGHT_W_SHOES_HIGH', 'standing_vertical_leap_STANDING_VERTICAL_LEAP_LOW'})",frozenset({'max_vertical_leap_MAX_VERTICAL_LEAP_LOW'}),0.17554076539101499,0.348585690515807,0.14559068219633944,0.8293838862559242,2.379282652218665,1.0,0.0843996832788392,3.818011647254576,0.7031339195617702,0.38461538461538464,0.7380835648526448,0.6235224920539764
"frozenset({'lane_agility_time_LANE_AGILITY_TIME_LOW', 'standing_vertical_leap_STANDING_VERTICAL_LEAP_HIGH'})",frozenset({'max_vertical_leap_MAX_VERTICAL_LEAP_HIGH'}),0.1821963394342762,0.3668885191347754,0.1589018302828619,0.8721461187214612,2.3771420288054337,1.0,0.09205608511604342,4.951836225338721,0.7083934744052026,0.4072494669509595,0.7980547105166838,0.65262634734259
"frozenset({'standing_vertical_leap_STANDING_VERTICAL_LEAP_HIGH', 'height_w_shoes_HEIGHT_W_SHOES_LOW'})",frozenset({'max_vertical_leap_MAX_VERTICAL_LEAP_HIGH'}),0.1638935108153078,0.3668885191347754,0.14226289517470883,0.8680203045685281,2.365896612452088,1.0,0.08213224769588126,4.7970369896326694,0.6904948939512963,0.3661670235546039,0.7915379843513414,0.6278877033046723
"frozenset({'wingspan_WINGSPAN_HIGH', 'max_vertical_leap_MAX_VERTICAL_LEAP_LOW'})",frozenset({'weight_WEIGHT_HIGH'}),0.18302828618968386,0.34608985024958405,0.14891846921797006,0.8136363636363636,2.350939685314685,1.0,0.08557423705914435,3.5087861693924753,0.7033758490823653,0.3916849015317287,0.7150011566042099,0.6219624125874126
"frozenset({'wingspan_WINGSPAN_LOW', 'height_w_shoes_HEIGHT_W_SHOES_LOW'})",frozenset({'weight_WEIGHT_LOW'}),0.2562396006655574,0.3319467554076539,0.19966722129783693,0.7792207792207791,2.3474270090811444,1.0,0.11460931724995224,3.0258882255065083,0.7717561521252796,0.5139186295503213,0.6695185263055747,0.6903622693096376
"frozenset({'bench_press_BENCH_PRESS_HIGH', 'standing_vertical_leap_STANDING_VERTICAL_LEAP_LOW'})",frozenset({'max_vertical_leap_MAX_VERTICAL_LEAP_LOW'}),0.1264559068219634,0.348585690515807,0.10232945091514144,0.8092105263157895,2.321410626805678,1.0,0.058248731315804776,3.4143094841930117,0.6516298877274487,0.27455357142857145,0.7071150097465887,0.5513833061173219
"frozenset({'height_w_shoes_HEIGHT_W_SHOES_HIGH', 'max_vertical_leap_MAX_VERTICAL_LEAP_LOW'})",frozenset({'weight_WEIGHT_HIGH'}),0.17803660565723795,0.34608985024958405,0.14143094841930118,0.7943925233644861,2.2953360891445005,1.0,0.07981428622844344,3.1803811828770243,0.6865682305310788,0.3695652173913044,0.6855722812774965,0.6015231847591661
"frozenset({'max_vertical_leap_MAX_VERTICAL_LEAP_HIGH', 'height_w_shoes_HEIGHT_W_SHOES_LOW'})",frozenset({'standing_vertical_leap_STANDING_VERTICAL_LEAP_HIGH'}),0.1713810316139767,0.36189683860232946,0.14226289517470883,0.830097087378641,2.293739537997992,1.0,0.08024064163720479,3.7556928927977222,0.6806876629324315,0.3638297872340426,0.7337375476259798,0.6116002678272515
"frozenset({'lane_agility_time_LANE_AGILITY_TIME_LOW', 'weight_WEIGHT_LOW'})",frozenset({'wingspan_WINGSPAN_LOW'}),0.17387687188019968,0.3469217970049917,0.13810316139767054,0.7942583732057416,2.2894449990247034,1.0,0.07778148454738495,3.174263823859458,0.68175420716097,0.3608695652173913,0.6849663243226769,0.5961699539889619
"frozenset({'lane_agility_time_LANE_AGILITY_TIME_LOW', 'weight_WEIGHT_LOW'})",frozenset({'height_w_shoes_HEIGHT_W_SHOES_LOW'}),0.17387687188019968,0.34359400998336104,0.13643926788685523,0.7846889952153109,2.2837679715467405,1.0,0.07669621623417432,3.0486411536328326,0.6804399086286935,0.35807860262008734,0.6719850091873304,0.5908917131040234
"frozenset({'wingspan_WINGSPAN_HIGH', 'lane_agility_time_LANE_AGILITY_TIME_HIGH'})",frozenset({'weight_WEIGHT_HIGH'}),0.2021630615640599,0.34608985024958405,0.15973377703826955,0.7901234567901235,2.2830009496676165,1.0,0.08976719333556663,3.1156895370461006,0.7043795620437957,0.41113490364025695,0.6790437596205197,0.6258309591642925
"frozenset({'weight_WEIGHT_HIGH', 'lane_agility_time_LANE_AGILITY_TIME_HIGH'})",frozenset({'wingspan_WINGSPAN_HIGH'}),0.18885191347753744,0.37104825291181365,0.15973377703826955,0.8458149779735683,2.279528259022935,1.0,0.08966060448337629,4.07920133111481,0.6919978632478633,0.3991683991683992,0.7548539729156469,0.6381541257580846
"frozenset({'wingspan_WINGSPAN_LOW', 'max_vertical_leap_MAX_VERTICAL_LEAP_HIGH'})",frozenset({'standing_vertical_leap_STANDING_VERTICAL_LEAP_HIGH'}),0.17221297836938437,0.36189683860232946,0.14143094841930118,0.821256038647343,2.2693097895496694,1.0,0.07910761598112963,3.5699284975491294,0.6757020396098138,0.36016949152542377,0.7198823447902298,0.6060303181742462
"frozenset({'lane_agility_time_LANE_AGILITY_TIME_HIGH', 'max_vertical_leap_MAX_VERTICAL_LEAP_LOW'})",frozenset({'standing_vertical_leap_STANDING_VERTICAL_LEAP_LOW'}),0.20549084858569053,0.37271214642262895,0.17304492512479203,0.8421052631578948,2.2593984962406015,1.0,0.09645598987821186,3.972823072656685,0.7015706806282722,0.4271047227926078,0.7482898226999861,0.6531954887218046
"frozenset({'bench_press_BENCH_PRESS_LOW', 'max_vertical_leap_MAX_VERTICAL_LEAP_LOW'})",frozenset({'standing_vertical_leap_STANDING_VERTICAL_LEAP_LOW'}),0.22046589018302828,0.37271214642262895,0.18552412645590682,0.8415094339622642,2.2577998652291105,1.0,0.10335381131281475,3.957887647571509,0.7146460174873535,0.4551020408163265,0.7473399729743256,0.6696386455525607
"frozenset({'bench_press_BENCH_PRESS_LOW', 'standing_vertical_leap_STANDING_VERTICAL_LEAP_HIGH'})",frozenset({'max_vertical_leap_MAX_VERTICAL_LEAP_HIGH'}),0.2129783693843594,0.3668885191347754,0.17637271214642264,0.828125,2.257157029478458,1.0,0.09823339359525583,3.683557706852216,0.7076867844748495,0.43711340206185567,0.7285233245729303,0.6544253117913832
"frozenset({'lane_agility_time_LANE_AGILITY_TIME_LOW', 'height_w_shoes_HEIGHT_W_SHOES_LOW'})",frozenset({'weight_WEIGHT_LOW'}),0.1821963394342762,0.3319467554076539,0.13643926788685523,0.7488584474885844,2.255959533537039,1.0,0.07595978416449567,2.6600665557404324,0.6807619780165249,0.36123348017621143,0.6240695565146681,0.5799430082054451
"frozenset({'max_vertical_leap_MAX_VERTICAL_LEAP_MED', 'bench_press_BENCH_PRESS_LOW'})",frozenset({'lane_agility_time_LANE_AGILITY_TIME_MED'}),0.22628951747088186,0.3227953410981697,0.1638935108153078,0.7242647058823529,2.243727258944815,1.0,0.09084830883635427,2.455995562950638,0.7164346924294525,0.42548596112311016,0.5928331406272582,0.6159983323226197
"frozenset({'lane_agility_time_LANE_AGILITY_TIME_LOW', 'wingspan_WINGSPAN_LOW'})",frozenset({'weight_WEIGHT_LOW'}),0.18552412645590682,0.3319467554076539,0.13810316139767054,0.7443946188340806,2.24251210987109,1.0,0.07651902957079298,2.6136118165630378,0.6802798528126808,0.3640350877192982,0.6173877108823972,0.5802173595423537
"frozenset({'wingspan_WINGSPAN_HIGH', 'standing_vertical_leap_STANDING_VERTICAL_LEAP_LOW'})",frozenset({'weight_WEIGHT_HIGH'}),0.17054908485856904,0.34608985024958405,0.13227953410981697,0.775609756097561,2.2410647279549716,1.0,0.07325422687091121,2.914164797800767,0.6676507509951237,0.34415584415584416,0.6568485074163719,0.5789106472795498
"frozenset({'wingspan_WINGSPAN_LOW', 'bench_press_BENCH_PRESS_LOW'})",frozenset({'weight_WEIGHT_LOW'}),0.25207986688851913,0.3319467554076539,0.18718801996672213,0.7425742574257426,2.2370282140996056,1.0,0.10351092604948492,2.5951299116856523,0.7393548387096774,0.4716981132075473,0.6146628361466283,0.6532420159309165
"frozenset({'bench_press_BENCH_PRESS_LOW', 'height_w_shoes_HEIGHT_W_SHOES_LOW'})",frozenset({'weight_WEIGHT_LOW'}),0.2454242928452579,0.3319467554076539,0.1821963394342762,0.7423728813559322,2.2364215623805275,1.0,0.10072854172607497,2.5931014099308167,0.7326728187159235,0.4610526315789475,0.6143613989910716,0.64562253090353
frozenset({'standing_vertical_leap_STANDING_VERTICAL_LEAP_LOW'}),frozenset({'max_vertical_leap_MAX_VERTICAL_LEAP_LOW'}),0.37271214642262895,0.348585690515807,0.2878535773710483,0.7723214285714286,2.2155855779065803,1.0,0.1579314564466876,2.861113829891358,0.8746416031646249,0.6641074856046065,0.6504857690202518,0.7990485424480055
frozenset({'max_vertical_leap_MAX_VERTICAL_LEAP_LOW'}),frozenset({'standing_vertical_leap_STANDING_VERTICAL_LEAP_LOW'}),0.348585690515807,0.37271214642262895,0.2878535773710483,0.8257756563245824,2.2155855779065803,1.0,0.1579314564466876,3.6004604198481993,0.8422474697140833,0.6641074856046065,0.7222577439020531,0.7990485424480055
"frozenset({'height_w_shoes_HEIGHT_W_SHOES_HIGH', 'lane_agility_time_LANE_AGILITY_TIME_HIGH'})",frozenset({'weight_WEIGHT_HIGH'}),0.18469217970049917,0.34608985024958405,0.14143094841930118,0.7657657657657658,2.212621275121275,1.0,0.07751085960448616,2.7916933316267767,0.6721968787515007,0.3632478632478633,0.6417944662219472,0.587209805959806
frozenset({'max_vertical_leap_MAX_VERTICAL_LEAP_HIGH'}),frozenset({'standing_vertical_leap_STANDING_VERTICAL_LEAP_HIGH'}),0.3668885191347754,0.36189683860232946,0.29367720465890185,0.8004535147392291,2.2118278729116168,1.0,0.16090140946453638,3.1977669792769636,0.8653851164972286,0.6749521988527725,0.6872817792914646,0.8059738838063961
frozenset({'standing_vertical_leap_STANDING_VERTICAL_LEAP_HIGH'}),frozenset({'max_vertical_leap_MAX_VERTICAL_LEAP_HIGH'}),0.36189683860232946,0.3668885191347754,0.29367720465890185,0.8114942528735632,2.2118278729116168,1.0,0.16090140946453638,3.3585791972728383,0.8586154806445776,0.6749521988527725,0.70225504855982,0.8059738838063961
"frozenset({'weight_WEIGHT_LOW', 'max_vertical_leap_MAX_VERTICAL_LEAP_HIGH'})",frozenset({'standing_vertical_leap_STANDING_VERTICAL_LEAP_HIGH'}),0.1713810316139767,0.36189683860232946,0.13643926788685523,0.7961165048543689,2.1998437674366698,1.0,0.07441701434935119,3.1297440773314316,0.6582304829072386,0.3438155136268344,0.6804850571511752,0.5865639995536212
"frozenset({'lane_agility_time_LANE_AGILITY_TIME_LOW', 'height_w_shoes_HEIGHT_W_SHOES_LOW'})",frozenset({'wingspan_WINGSPAN_LOW'}),0.1821963394342762,0.3469217970049917,0.1389351081530782,0.7625570776255707,2.1980662045705897,1.0,0.07572722666880766,2.750463970305899,0.6664859497688245,0.35607675906183367,0.636424977459791,0.5815183469662626
"frozenset({'height_w_shoes_HEIGHT_W_SHOES_HIGH', 'max_vertical_leap_MAX_VERTICAL_LEAP_LOW'})",frozenset({'standing_vertical_leap_STANDING_VERTICAL_LEAP_LOW'}),0.17803660565723795,0.37271214642262895,0.14559068219633944,0.8177570093457944,2.194071261682243,1.0,0.07923427676003113,3.4420410427066006,0.6621052631578949,0.35934291581108835,0.7094747019013858,0.6041910046728972
"frozenset({'wingspan_WINGSPAN_HIGH', 'max_vertical_leap_MAX_VERTICAL_LEAP_LOW'})",frozenset({'lane_agility_time_LANE_AGILITY_TIME_HIGH'}),0.18302828618968386,0.34193011647254573,0.13727121464226288,0.7499999999999999,2.1934306569343063,1.0,0.07468833142765385,2.632279534109816,0.6659877800407333,0.3540772532188841,0.6201011378002527,0.5757299270072992
"frozenset({'bench_press_BENCH_PRESS_LOW', 'height_w_shoes_HEIGHT_W_SHOES_LOW'})",frozenset({'wingspan_WINGSPAN_LOW'}),0.2454242928452579,0.3469217970049917,0.18635607321131448,0.7593220338983051,2.1887412104214934,1.0,0.10121303650875828,2.7134939420215134,0.7197639392030241,0.4590163934426229,0.6314714455360034,0.648246148843637
"frozenset({'height_w_shoes_HEIGHT_W_SHOES_HIGH', 'weight_WEIGHT_HIGH'})",frozenset({'wingspan_WINGSPAN_HIGH'}),0.24625623960066556,0.37104825291181365,0.19966722129783693,0.8108108108108107,2.1851896739789116,1.0,0.108294273825377,3.324459234608984,0.7195732155997057,0.4780876494023904,0.699199199199199,0.6744637013695309
"frozenset({'standing_vertical_leap_STANDING_VERTICAL_LEAP_MED', 'bench_press_BENCH_PRESS_LOW'})",frozenset({'lane_agility_time_LANE_AGILITY_TIME_MED'}),0.22296173044925124,0.3227953410981697,0.1572379367720466,0.7052238805970149,2.1847399599938453,1.0,0.08526692893984236,2.297352513742918,0.6978801989508628,0.40471092077087795,0.5647163445670907,0.5961686413294353
"frozenset({'weight_WEIGHT_HIGH', 'max_vertical_leap_MAX_VERTICAL_LEAP_LOW'})",frozenset({'standing_vertical_leap_STANDING_VERTICAL_LEAP_LOW'}),0.19217970049916805,0.37271214642262895,0.15640599001663893,0.8138528138528138,2.1835961657390226,1.0,0.08477828134473603,3.369848701776109,0.6709906435567632,0.3828920570264766,0.7032507722162894,0.6167478354978355
"frozenset({'wingspan_WINGSPAN_HIGH', 'standing_vertical_leap_STANDING_VERTICAL_LEAP_LOW'})",frozenset({'lane_agility_time_LANE_AGILITY_TIME_HIGH'}),0.17054908485856904,0.34193011647254573,0.12728785357737105,0.7463414634146341,2.1827309951931637,1.0,0.06897198512739444,2.5943139639063104,0.6532735461285818,0.3304535637149028,0.6145416422558663,0.559302118568631
"frozenset({'lane_agility_time_LANE_AGILITY_TIME_LOW', 'wingspan_WINGSPAN_LOW'})",frozenset({'height_w_shoes_HEIGHT_W_SHOES_LOW'}),0.18552412645590682,0.34359400998336104,0.1389351081530782,0.7488789237668161,2.179545923408506,1.0,0.075190129595433,2.613902424530544,0.6644626987088132,0.35607675906183367,0.6174302488817655,0.576618638638856
"frozenset({'height_w_shoes_HEIGHT_W_SHOES_HIGH', 'standing_vertical_leap_STANDING_VERTICAL_LEAP_LOW'})",frozenset({'weight_WEIGHT_HIGH'}),0.17554076539101499,0.34608985024958405,0.13227953410981697,0.7535545023696681,2.1773377688662046,1.0,0.07152665690294321,2.6533661845641867,0.6558523567452987,0.33974358974358976,0.623120244081859,0.5678830204156033
"frozenset({'height_w_shoes_HEIGHT_W_SHOES_HIGH', 'lane_agility_time_LANE_AGILITY_TIME_HIGH'})",frozenset({'wingspan_WINGSPAN_HIGH'}),0.18469217970049917,0.37104825291181365,0.14891846921797006,0.8063063063063063,2.1730497313456953,1.0,0.0803887586136251,3.247146229152962,0.6621023828525824,0.36605316973415136,0.6920372753706087,0.6038257988930634
"frozenset({'weight_WEIGHT_HIGH', 'wingspan_WINGSPAN_HIGH'})",frozenset({'height_w_shoes_HEIGHT_W_SHOES_HIGH'}),0.2579034941763727,0.3577371048252912,0.19966722129783693,0.7741935483870968,2.1641410352588144,1.0,0.107405571966855,2.8443071072022814,0.7248692077727951,0.4799999999999999,0.6484205248203242,0.6661665416354088
"frozenset({'lane_agility_time_LANE_AGILITY_TIME_LOW', 'max_vertical_leap_MAX_VERTICAL_LEAP_HIGH'})",frozenset({'standing_vertical_leap_STANDING_VERTICAL_LEAP_HIGH'}),0.20299500831946754,0.36189683860232946,0.1589018302828619,0.7827868852459017,2.1630111173921236,1.0,0.08543857851999302,2.9376824788873894,0.6746275508531081,0.39139344262295084,0.6595956141663283,0.6109336725080083
"frozenset({'standing_vertical_leap_STANDING_VERTICAL_LEAP_LOW', 'bench_press_BENCH_PRESS_LOW'})",frozenset({'max_vertical_leap_MAX_VERTICAL_LEAP_LOW'}),0.24625623960066556,0.348585690515807,0.18552412645590682,0.7533783783783784,2.1612429852286654,1.0,0.0996827251308828,2.6413511727030294,0.7128460982587435,0.4532520325203252,0.621405888647268,0.6427989743920531
"frozenset({'wingspan_WINGSPAN_LOW', 'bench_press_BENCH_PRESS_LOW'})",frozenset({'height_w_shoes_HEIGHT_W_SHOES_LOW'}),0.25207986688851913,0.34359400998336104,0.18635607321131448,0.7392739273927393,2.151591430329474,1.0,0.0997429409110163,2.5176077844941984,0.7156215239154616,0.45528455284552855,0.6027975421116257,0.6408234043743357
frozenset({'height_w_shoes_HEIGHT_W_SHOES_LOW'}),frozenset({'wingspan_WINGSPAN_LOW'}),0.34359400998336104,0.3469217970049917,0.2562396006655574,0.7457627118644068,2.149656545949681,1.0,0.13703934928197872,2.5687742651136993,0.8147540039175019,0.5900383141762451,0.6107092734535248,0.7421859122871195
frozenset({'wingspan_WINGSPAN_LOW'}),frozenset({'height_w_shoes_HEIGHT_W_SHOES_LOW'}),0.3469217970049917,0.34359400998336104,0.2562396006655574,0.7386091127098321,2.149656545949681,1.0,0.13703934928197872,2.5112045673113617,0.8189056166763173,0.5900383141762451,0.6017847319102891,0.7421859122871195
"frozenset({'bench_press_BENCH_PRESS_HIGH', 'standing_vertical_leap_STANDING_VERTICAL_LEAP_HIGH'})",frozenset({'max_vertical_leap_MAX_VERTICAL_LEAP_HIGH'}),0.14891846921797006,0.3668885191347754,0.11730449251247921,0.7877094972067039,2.1469995819556873,1.0,0.06266801586928054,2.9822882914440845,0.627711570058859,0.2943632567849687,0.6646870113567124,0.5537186941815833
"frozenset({'height_w_shoes_HEIGHT_W_SHOES_HIGH', 'wingspan_WINGSPAN_HIGH'})",frozenset({'weight_WEIGHT_HIGH'}),0.2687188019966722,0.34608985024958405,0.19966722129783693,0.7430340557275542,2.1469397475589425,1.0,0.10666637135556102,2.5447346791492094,0.7305271141448615,0.4809619238476953,0.6070317238988806,0.6599785663253155
"frozenset({'wingspan_WINGSPAN_HIGH', 'max_vertical_leap_MAX_VERTICAL_LEAP_LOW'})",frozenset({'standing_vertical_leap_STANDING_VERTICAL_LEAP_LOW'}),0.18302828618968386,0.37271214642262895,0.1464226289517471,0.8,2.1464285714285714,1.0,0.0782057635499348,3.136439267886856,0.6537678207739308,0.3577235772357724,0.6811671087533158,0.5964285714285715
"frozenset({'bench_press_BENCH_PRESS_HIGH', 'max_vertical_leap_MAX_VERTICAL_LEAP_LOW'})",frozenset({'standing_vertical_leap_STANDING_VERTICAL_LEAP_LOW'}),0.1281198003327787,0.37271214642262895,0.10232945091514144,0.7987012987012988,2.142944109461967,1.0,0.05457764513387284,3.116204175835974,0.6117265561968597,0.25678496868476,0.679096765303662,0.5366274350649352
"frozenset({'weight_WEIGHT_HIGH', 'bench_press_BENCH_PRESS_LOW'})",frozenset({'wingspan_WINGSPAN_HIGH'}),0.18136439267886856,0.37104825291181365,0.14392678868552414,0.7935779816513762,2.1387460402353233,1.0,0.07663184764161783,3.046921797004992,0.6503947553926407,0.3523421588594705,0.6717999126256007,0.5907351791664952
"frozenset({'max_vertical_leap_MAX_VERTICAL_LEAP_HIGH', 'height_w_shoes_HEIGHT_W_SHOES_LOW'})",frozenset({'weight_WEIGHT_LOW'}),0.1713810316139767,0.3319467554076539,0.12146422628951747,0.70873786407767,2.1350950191011515,1.0,0.06457484890684136,2.2936494731003894,0.6415937723496727,0.31808278867102396,0.5640135898148934,0.5373263255225443
"frozenset({'weight_WEIGHT_HIGH', 'max_vertical_leap_MAX_VERTICAL_LEAP_LOW'})",frozenset({'lane_agility_time_LANE_AGILITY_TIME_HIGH'}),0.19217970049916805,0.34193011647254573,0.13976705490848584,0.7272727272727272,2.1269630612696306,1.0,0.07405502753314636,2.412922906267332,0.6558959835221421,0.35443037974683544,0.5855648776002756,0.5680159256801592
"frozenset({'weight_WEIGHT_HIGH', 'standing_vertical_leap_STANDING_VERTICAL_LEAP_LOW'})",frozenset({'lane_agility_time_LANE_AGILITY_TIME_HIGH'}),0.17637271214642264,0.34193011647254573,0.1281198003327787,0.7264150943396226,2.124454850112473,1.0,0.06781265832597363,2.4053588846175913,0.6426341335432246,0.3283582089552239,0.5842616224983898,0.5505554790432906
"frozenset({'weight_WEIGHT_LOW', 'standing_vertical_leap_STANDING_VERTICAL_LEAP_HIGH'})",frozenset({'height_w_shoes_HEIGHT_W_SHOES_LOW'}),0.15391014975041598,0.34359400998336104,0.11231281198003328,0.7297297297297297,2.123813886525751,1.0,0.05943020645014826,2.428702163061564,0.6254051494956117,0.2915766738660907,0.5882574589798923,0.5283031215234605
"frozenset({'weight_WEIGHT_HIGH', 'lane_agility_time_LANE_AGILITY_TIME_HIGH'})",frozenset({'max_vertical_leap_MAX_VERTICAL_LEAP_LOW'}),0.18885191347753744,0.348585690515807,0.13976705490848584,0.7400881057268722,2.1231167138035807,1.0,0.07393598024368701,2.506288953439183,0.6521550671550671,0.3514644351464435,0.6010037076420184,0.5705213798324098
frozenset({'wingspan_WINGSPAN_LOW'}),frozenset({'weight_WEIGHT_LOW'}),0.3469217970049917,0.3319467554076539,0.2437603993344426,0.7026378896882494,2.1167186551510673,1.0,0.12860083443844286,2.246598411250067,0.807821569096324,0.5602294455066921,0.5548826194337182,0.7184868646436234
frozenset({'weight_WEIGHT_LOW'}),frozenset({'wingspan_WINGSPAN_LOW'}),0.3319467554076539,0.3469217970049917,0.2437603993344426,0.7343358395989975,2.116718655151067,1.0,0.12860083443844286,2.4582849339151727,0.7897134890916739,0.5602294455066921,0.5932123301885287,0.7184868646436234
"frozenset({'wingspan_WINGSPAN_LOW', 'max_vertical_leap_MAX_VERTICAL_LEAP_HIGH'})",frozenset({'weight_WEIGHT_LOW'}),0.17221297836938437,0.3319467554076539,0.12063227953410982,0.7004830917874396,2.1102272589686777,1.0,0.0634667401253042,2.2304358327518656,0.6355709582394734,0.31453362255965295,0.5516571311687452,0.5319458065453488
"frozenset({'wingspan_WINGSPAN_HIGH', 'max_vertical_leap_MAX_VERTICAL_LEAP_LOW'})",frozenset({'height_w_shoes_HEIGHT_W_SHOES_HIGH'}),0.18302828618968386,0.3577371048252912,0.13810316139767054,0.7545454545454545,2.1092177589852006,1.0,0.07262715219503821,2.6166266099710356,0.6437072117390131,0.3429752066115702,0.6178285445124823,0.5702959830866807
"frozenset({'height_w_shoes_HEIGHT_W_SHOES_HIGH', 'max_vertical_leap_MAX_VERTICAL_LEAP_LOW'})",frozenset({'lane_agility_time_LANE_AGILITY_TIME_HIGH'}),0.17803660565723795,0.34193011647254573,0.1281198003327787,0.719626168224299,2.104600131887123,1.0,0.06724372302402264,2.3471159179145866,0.6385325201114675,0.32696390658174096,0.5739452012713115,0.5471610159856288
frozenset({'weight_WEIGHT_LOW'}),frozenset({'height_w_shoes_HEIGHT_W_SHOES_LOW'}),0.3319467554076539,0.34359400998336104,0.23960066555740434,0.7218045112781956,2.1007482386353296,1.0,0.12554574876592262,2.3595134235733246,0.7843373806558739,0.5496183206106872,0.5761838055214081,0.7095705365107685
"frozenset({'weight_WEIGHT_HIGH', 'standing_vertical_leap_STANDING_VERTICAL_LEAP_LOW'})",frozenset({'height_w_shoes_HEIGHT_W_SHOES_HIGH'}),0.17637271214642264,0.3577371048252912,0.13227953410981697,0.7499999999999999,2.096511627906976,1.0,0.06918447069637126,2.569051580698834,0.635016835016835,0.32919254658385094,0.6107512953367874,0.5598837209302325
"frozenset({'height_w_shoes_HEIGHT_W_SHOES_HIGH', 'bench_press_BENCH_PRESS_LOW'})",frozenset({'wingspan_WINGSPAN_HIGH'}),0.21630615640599002,0.37104825291181365,0.16805324459234608,0.7769230769230768,2.093859951707485,1.0,0.08779322316383398,2.8194388662573857,0.6666036030354628,0.4007936507936507,0.6453194953194952,0.6149189375646774
"frozenset({'weight_WEIGHT_HIGH', 'lane_agility_time_LANE_AGILITY_TIME_HIGH'})",frozenset({'height_w_shoes_HEIGHT_W_SHOES_HIGH'}),0.18885191347753744,0.3577371048252912,0.14143094841930118,0.748898678414097,2.093433049892429,1.0,0.07387161165113054,2.5577838106080515,0.643921568627451,0.349075975359343,0.609036543333866,0.5721237578116997
"frozenset({'height_w_shoes_HEIGHT_W_SHOES_HIGH', 'max_vertical_leap_MAX_VERTICAL_LEAP_LOW'})",frozenset({'wingspan_WINGSPAN_HIGH'}),0.17803660565723795,0.37104825291181365,0.13810316139767054,0.7757009345794391,2.0905661958844974,1.0,0.07204298991420288,2.8040765391014957,0.6346519681966732,0.3360323886639676,0.6433763536567273,0.5739491219982398
"frozenset({'weight_WEIGHT_HIGH', 'max_vertical_leap_MAX_VERTICAL_LEAP_LOW'})",frozenset({'wingspan_WINGSPAN_HIGH'}),0.19217970049916805,0.37104825291181365,0.14891846921797006,0.774891774891775,2.088385456098461,1.0,0.07761052710263815,2.7939971841802134,0.6451449579711063,0.3594377510040161,0.6420898325660231,0.5881185331857978
"frozenset({'wingspan_WINGSPAN_LOW', 'standing_vertical_leap_STANDING_VERTICAL_LEAP_HIGH'})",frozenset({'height_w_shoes_HEIGHT_W_SHOES_LOW'}),0.1589018302828619,0.34359400998336104,0.11397670549084858,0.7172774869109948,2.087572734302702,1.0,0.05937898843026459,2.321732298021816,0.6193982975589681,0.29336188436830835,0.5692871220114267,0.5244983076201464
"frozenset({'wingspan_WINGSPAN_HIGH', 'standing_vertical_leap_STANDING_VERTICAL_LEAP_LOW'})",frozenset({'height_w_shoes_HEIGHT_W_SHOES_HIGH'}),0.17054908485856904,0.3577371048252912,0.1264559068219634,0.7414634146341463,2.0726488939307997,1.0,0.065444170974056,2.4842244058644396,0.6239376022805259,0.3146997929606625,0.5974598761531656,0.5474758933635848
"frozenset({'bench_press_BENCH_PRESS_LOW', 'max_vertical_leap_MAX_VERTICAL_LEAP_HIGH'})",frozenset({'standing_vertical_leap_STANDING_VERTICAL_LEAP_HIGH'}),0.23544093178036607,0.36189683860232946,0.17637271214642264,0.7491166077738516,2.069972787457861,1.0,0.09116738325752144,2.5434252771202925,0.6760783870901513,0.4189723320158103,0.6068294166156057,0.618236464806466
"frozenset({'wingspan_WINGSPAN_LOW', 'max_vertical_leap_MAX_VERTICAL_LEAP_HIGH'})",frozenset({'height_w_shoes_HEIGHT_W_SHOES_LOW'}),0.17221297836938437,0.34359400998336104,0.12229617304492513,0.7101449275362318,2.0668140506018178,1.0,0.06312482523581053,2.264600665557404,0.6235463029432879,0.3107822410147992,0.5584210429639425,0.5330385654630312
"frozenset({'weight_WEIGHT_LOW', 'max_vertical_leap_MAX_VERTICAL_LEAP_HIGH'})",frozenset({'height_w_shoes_HEIGHT_W_SHOES_LOW'}),0.1713810316139767,0.34359400998336104,0.12146422628951747,0.70873786407767,2.0627189167587394,1.0,0.06257873040218606,2.253660565723795,0.6217610166694175,0.3086680761099366,0.5562774557938648,0.5311243799807237
"frozenset({'wingspan_WINGSPAN_HIGH', 'lane_agility_time_LANE_AGILITY_TIME_HIGH'})",frozenset({'height_w_shoes_HEIGHT_W_SHOES_HIGH'}),0.2021630615640599,0.3577371048252912,0.14891846921797006,0.7366255144032923,2.0591252751459472,1.0,0.07659724087142616,2.4385919301164733,0.644689242169159,0.36234817813765186,0.5899272905605665,0.5764522920853671
"frozenset({'weight_WEIGHT_LOW', 'bench_press_BENCH_PRESS_LOW'})",frozenset({'wingspan_WINGSPAN_LOW'}),0.26206322795341097,0.3469217970049917,0.18718801996672213,0.7142857142857143,2.0589242891401165,1.0,0.09627257399619601,2.285773710482529,0.6969560315670799,0.4437869822485207,0.5625113739763421,0.6269270298047276
"frozenset({'weight_WEIGHT_HIGH', 'max_vertical_leap_MAX_VERTICAL_LEAP_LOW'})",frozenset({'height_w_shoes_HEIGHT_W_SHOES_HIGH'}),0.19217970049916805,0.3577371048252912,0.14143094841930118,0.735930735930736,2.057183126950569,1.0,0.07268113875653723,2.4321758817271766,0.6361543587568911,0.3462321792260693,0.5888455240786847,0.5656397865700191
"frozenset({'max_vertical_leap_MAX_VERTICAL_LEAP_HIGH', 'height_w_shoes_HEIGHT_W_SHOES_LOW'})",frozenset({'wingspan_WINGSPAN_LOW'}),0.1713810316139767,0.3469217970049917,0.12229617304492513,0.7135922330097088,2.056925333519592,1.0,0.06284035758483504,2.280239149440199,0.6201131054831571,0.3088235294117647,0.5614495083791974,0.5330551093106097
"frozenset({'weight_WEIGHT_LOW', 'standing_vertical_leap_STANDING_VERTICAL_LEAP_HIGH'})",frozenset({'wingspan_WINGSPAN_LOW'}),0.15391014975041598,0.3469217970049917,0.10981697171381032,0.7135135135135136,2.0566984250437486,1.0,0.05642218598508863,2.279612595359935,0.6072450165370518,0.28085106382978725,0.5613289722843864,0.5150301380517208
"frozenset({'wingspan_WINGSPAN_HIGH', 'bench_press_BENCH_PRESS_HIGH'})",frozenset({'height_w_shoes_HEIGHT_W_SHOES_HIGH'}),0.13727121464226288,0.3577371048252912,0.10066555740432612,0.7333333333333334,2.0499224806201553,1.0,0.05155855050235187,2.4084858569051586,0.5936705531691067,0.2552742616033755,0.5848013816925735,0.5073643410852713
"frozenset({'weight_WEIGHT_LOW', 'max_vertical_leap_MAX_VERTICAL_LEAP_HIGH'})",frozenset({'wingspan_WINGSPAN_LOW'}),0.1713810316139767,0.3469217970049917,0.12063227953410982,0.7038834951456312,2.028939954832251,1.0,0.061176464074019735,2.2054772101142914,0.6120204957762083,0.3033472803347281,0.5465833900191703,0.5258026588437988
frozenset({'wingspan_WINGSPAN_HIGH'}),frozenset({'height_w_shoes_HEIGHT_W_SHOES_HIGH'}),0.37104825291181365,0.3577371048252912,0.2687188019966722,0.7242152466367713,2.0244342475753467,1.0,0.13598107424951755,2.3288557012026025,0.8045686110701589,0.5840867992766726,0.5706045679499988,0.7376890186672228
frozenset({'height_w_shoes_HEIGHT_W_SHOES_HIGH'}),frozenset({'wingspan_WINGSPAN_HIGH'}),0.3577371048252912,0.37104825291181365,0.2687188019966722,0.7511627906976743,2.0244342475753463,1.0,0.13598107424951755,2.5275630957749535,0.7878936139495339,0.5840867992766726,0.6043620031992124,0.7376890186672228
"frozenset({'weight_WEIGHT_HIGH', 'standing_vertical_leap_STANDING_VERTICAL_LEAP_LOW'})",frozenset({'wingspan_WINGSPAN_HIGH'}),0.17637271214642264,0.37104825291181365,0.13227953410981697,0.7499999999999999,2.021300448430493,1.0,0.06683674740656863,2.515806988352744,0.6134680134680134,0.3186372745490982,0.6025132275132273,0.5532511210762331
"frozenset({'wingspan_WINGSPAN_HIGH', 'bench_press_BENCH_PRESS_LOW'})",frozenset({'height_w_shoes_HEIGHT_W_SHOES_HIGH'}),0.23377703826955074,0.3577371048252912,0.16805324459234608,0.7188612099644128,2.0094678473888936,1.0,0.08442252374716569,2.284504728406243,0.6556261489341116,0.39685658153241643,0.5622683605922594,0.5943143259124389
frozenset({'weight_WEIGHT_HIGH'}),frozenset({'wingspan_WINGSPAN_HIGH'}),0.34608985024958405,0.37104825291181365,0.2579034941763727,0.7451923076923076,2.0083433942738873,1.0,0.12948745989075333,2.4683389319687303,0.7678076007551505,0.5615942028985507,0.5948692511192509,0.7201297861331493
"frozenset({'weight_WEIGHT_HIGH', 'bench_press_BENCH_PRESS_HIGH'})",frozenset({'height_w_shoes_HEIGHT_W_SHOES_HIGH'}),0.16472545757071547,0.3577371048252912,0.11730449251247921,0.7121212121212122,1.9906272022551093,1.0,0.05837608423011011,2.2310184779753044,0.5957870645079257,0.28952772073921973,0.5517742188726645,0.5200140944326991
frozenset({'weight_WEIGHT_HIGH'}),frozenset({'height_w_shoes_HEIGHT_W_SHOES_HIGH'}),0.34608985024958405,0.3577371048252912,0.24625623960066556,0.7115384615384615,1.988998211091234,1.0,0.12244705856296077,2.22651136993899,0.7604016229970427,0.5381818181818181,0.5508668792347547,0.6999552772808586
"frozenset({'weight_WEIGHT_HIGH', 'bench_press_BENCH_PRESS_LOW'})",frozenset({'height_w_shoes_HEIGHT_W_SHOES_HIGH'}),0.18136439267886856,0.3577371048252912,0.12895174708818635,0.7110091743119266,1.98751866865799,1.0,0.06407097433285068,2.2224335102870874,0.6069367951744034,0.3144016227180528,0.5500427817654607,0.5357371452954982
"frozenset({'height_w_shoes_HEIGHT_W_SHOES_HIGH', 'standing_vertical_leap_STANDING_VERTICAL_LEAP_LOW'})",frozenset({'wingspan_WINGSPAN_HIGH'}),0.17554076539101499,0.37104825291181365,0.1264559068219634,0.7203791469194313,1.9414702569442968,1.0,0.06132181250882472,2.2493020107730053,0.5881751553454777,0.30099009900990104,0.555417638356027,0.5305931609036618
"frozenset({'height_w_shoes_HEIGHT_W_SHOES_HIGH', 'bench_press_BENCH_PRESS_HIGH'})",frozenset({'wingspan_WINGSPAN_HIGH'}),0.14143094841930118,0.37104825291181365,0.10066555740432612,0.7117647058823529,1.918253758902664,1.0,0.04818785108568358,2.1820774898977886,0.5575469280543275,0.24444444444444444,0.5417211328976034,0.49153257715642307
"frozenset({'standing_vertical_leap_STANDING_VERTICAL_LEAP_MED', 'lane_agility_time_LANE_AGILITY_TIME_MED'})",frozenset({'bench_press_BENCH_PRESS_LOW'}),0.16971713810316139,0.6821963394342762,0.1572379367720466,0.9264705882352942,1.3580703012912483,1.0,0.041457526418808385,4.322129783693846,0.317555746413462,0.22634730538922157,0.768632583923622,0.5784791965566715
"frozenset({'standing_vertical_leap_STANDING_VERTICAL_LEAP_MED', 'max_vertical_leap_MAX_VERTICAL_LEAP_MED'})",frozenset({'bench_press_BENCH_PRESS_LOW'}),0.18552412645590682,0.6821963394342762,0.16722129783693843,0.9013452914798206,1.32124029312042,1.0,0.04065741789197705,3.2213734684616533,0.29851762637273294,0.23871733966745845,0.6895734040804825,0.5732336213496664
"frozenset({'weight_WEIGHT_MED', 'max_vertical_leap_MAX_VERTICAL_LEAP_MED'})",frozenset({'bench_press_BENCH_PRESS_LOW'}),0.11980033277870217,0.6821963394342762,0.10732113144758736,0.8958333333333333,1.3131605691056911,1.0,0.02559378296294862,3.0509151414309468,0.2709368268343079,0.1544910179640719,0.6722294938917974,0.5265752032520324
"frozenset({'max_vertical_leap_MAX_VERTICAL_LEAP_MED', 'lane_agility_time_LANE_AGILITY_TIME_MED'})",frozenset({'bench_press_BENCH_PRESS_LOW'}),0.18469217970049917,0.6821963394342762,0.1638935108153078,0.8873873873873873,1.300780048341024,1.0,0.037897181901489746,2.822096505823626,0.2836113125453227,0.23313609467455623,0.6456535069100513,0.5638156449132059
"frozenset({'weight_WEIGHT_MED', 'lane_agility_time_LANE_AGILITY_TIME_MED'})",frozenset({'bench_press_BENCH_PRESS_LOW'}),0.13061564059900166,0.6821963394342762,0.11064891846921797,0.8471337579617835,1.2417741183781266,1.0,0.021543406579716012,2.078965612867444,0.2239522250602584,0.1575829383886256,0.5189915630106381,0.5046644399565015
frozenset({'standing_vertical_leap_STANDING_VERTICAL_LEAP_MED'}),frozenset({'bench_press_BENCH_PRESS_LOW'}),0.2653910149750416,0.6821963394342762,0.22296173044925124,0.8401253918495298,1.2315008792721158,1.0,0.0419129515145307,1.9878307396169792,0.2558949307821031,0.3076923076923077,0.4969390602176306,0.5834773300711064
"frozenset({'height_w_shoes_HEIGHT_W_SHOES_MED', 'weight_WEIGHT_MED'})",frozenset({'bench_press_BENCH_PRESS_LOW'}),0.13976705490848584,0.6821963394342762,0.11397670549084858,0.8154761904761906,1.1953687572590015,1.0,0.018628132258770067,1.7222908056465043,0.18999279955950266,0.1609870740305523,0.4193779606083275,0.49127468060394897
"frozenset({'weight_WEIGHT_MED', 'wingspan_WINGSPAN_MED'})",frozenset({'bench_press_BENCH_PRESS_LOW'}),0.1389351081530782,0.6821963394342762,0.11064891846921797,0.7964071856287426,1.167416386738718,1.0,0.015867896268282777,1.5609768033669382,0.16654680178707662,0.1557377049180328,0.3593754898579807,0.47930115378998106
frozenset({'max_vertical_leap_MAX_VERTICAL_LEAP_MED'}),frozenset({'bench_press_BENCH_PRESS_LOW'}),0.28452579034941766,0.6821963394342762,0.22628951747088186,0.7953216374269005,1.16582513193553,1.0,0.03218706481986483,1.5526978844782504,0.19880300957592334,0.3056179775280899,0.3559597072961636,0.5635144772500357
frozenset({'weight_WEIGHT_LOW'}),frozenset({'bench_press_BENCH_PRESS_LOW'}),0.3319467554076539,0.6821963394342762,0.26206322795341097,0.7894736842105263,1.157252888318357,1.0,0.03561036652722446,1.5095673876871885,0.20340390203403907,0.34845132743362833,0.3375585560760542,0.5868100128369704
"frozenset({'height_w_shoes_HEIGHT_W_SHOES_MED', 'wingspan_WINGSPAN_MED'})",frozenset({'bench_press_BENCH_PRESS_LOW'}),0.13810316139767054,0.6821963394342762,0.10815307820299501,0.783132530120482,1.1479576843961212,1.0,0.013939607033203141,1.4654279903863938,0.14953964953964977,0.1518691588785047,0.3176055005361765,0.47083455774316785
frozenset({'lane_agility_time_LANE_AGILITY_TIME_MED'}),frozenset({'bench_press_BENCH_PRESS_LOW'}),0.3227953410981697,0.6821963394342762,0.25207986688851913,0.7809278350515464,1.1447259240633645,1.0,0.0318700668049092,1.4506802388176572,0.18669164213718678,0.33480662983425413,0.31066821395800737,0.5752200150867488
"frozenset({'wingspan_WINGSPAN_LOW', 'weight_WEIGHT_LOW'})",frozenset({'bench_press_BENCH_PRESS_LOW'}),0.2437603993344426,0.6821963394342762,0.18718801996672213,0.7679180887372014,1.1256555398318489,1.0,0.020895567841728024,1.3693598903787807,0.14761031658721435,0.2533783783783784,0.2697317870736023,0.5211541663198203
"frozenset({'weight_WEIGHT_LOW', 'height_w_shoes_HEIGHT_W_SHOES_LOW'})",frozenset({'bench_press_BENCH_PRESS_LOW'}),0.23960066555740434,0.6821963394342762,0.1821963394342762,0.7604166666666666,1.1146595528455285,1.0,0.018741642464998737,1.3264848441004125,0.13527771949282114,0.24634420697412823,0.24612783595113438,0.5137449186991869
"frozenset({'lane_agility_time_LANE_AGILITY_TIME_LOW', 'weight_WEIGHT_LOW'})",frozenset({'bench_press_BENCH_PRESS_LOW'}),0.17387687188019968,0.6821963394342762,0.1314475873544093,0.7559808612440191,1.1081573112381842,1.0,0.012829421845454464,1.3023718638869857,0.11814345991561177,0.18140068886337543,0.23217014454269894,0.47433189403664366
"frozenset({'weight_WEIGHT_LOW', 'max_vertical_leap_MAX_VERTICAL_LEAP_HIGH'})",frozenset({'bench_press_BENCH_PRESS_LOW'}),0.1713810316139767,0.6821963394342762,0.1281198003327787,0.7475728155339806,1.0958323466729814,1.0,0.01120428791725385,1.2589914245488292,0.10553903927397923,0.176605504587156,0.20571341432420082,0.46768884679138056
frozenset({'weight_WEIGHT_MED'}),frozenset({'bench_press_BENCH_PRESS_LOW'}),0.32196339434276205,0.6821963394342762,0.23876871880199668,0.7416020671834626,1.0870801033591733,1.0,0.019126469749530084,1.2299001663893514,0.11814198071866808,0.31195652173913047,0.18692587632073832,0.5458010335917313
frozenset({'height_w_shoes_HEIGHT_W_SHOES_MED'}),frozenset({'bench_press_BENCH_PRESS_LOW'}),0.29866888519134777,0.6821963394342762,0.22046589018302828,0.7381615598885793,1.082036823153747,1.0,0.016715070002574745,1.2137395121605834,0.10810447861411403,0.2899343544857768,0.17609998687453512,0.5306661457979482
"frozenset({'wingspan_WINGSPAN_LOW', 'height_w_shoes_HEIGHT_W_SHOES_LOW'})",frozenset({'bench_press_BENCH_PRESS_LOW'}),0.2562396006655574,0.6821963394342762,0.18635607321131448,0.7272727272727273,1.0660753880266076,1.0,0.011550355619170505,1.1652800887409875,0.08333333333333345,0.24778761061946902,0.141837220371252,0.5002217294900222
frozenset({'wingspan_WINGSPAN_LOW'}),frozenset({'bench_press_BENCH_PRESS_LOW'}),0.3469217970049917,0.6821963394342762,0.25207986688851913,0.7266187050359711,1.0651166871380944,1.0,0.015411086901752774,1.1624923373325158,0.09361165415904654,0.32441113490364026,0.1397792760555952,0.5480654500789612
"frozenset({'weight_WEIGHT_LOW', 'standing_vertical_leap_STANDING_VERTICAL_LEAP_HIGH'})",frozenset({'bench_press_BENCH_PRESS_LOW'}),0.15391014975041598,0.6821963394342762,0.11064891846921797,0.7189189189189189,1.0538299274884642,1.0,0.005651977707702913,1.1306476385511328,0.060372169361456736,0.15252293577981654,0.11555115324748842,0.4405570204350692
frozenset({'height_w_shoes_HEIGHT_W_SHOES_LOW'}),frozenset({'bench_press_BENCH_PRESS_LOW'}),0.34359400998336104,0.6821963394342762,0.2454242928452579,0.7142857142857143,1.0470383275261326,1.0,0.01102571698306487,1.1123128119800336,0.06844106463878351,0.314498933901919,0.10097232610321635,0.537020905923345
